CD_REF,Nom_synonymes_famille,Sauvage_cultive,Repartition,Abondance,Protection,Rang,Regroupement
79319,"Abies alba Mill. [Abies pectinata (Lam.) DC.], Pinaceae",sc,,C,,3,Gymnospermes
79691,"Acacia dealbata Link, Fabaceae",cs,,C,,4,Angiospermes
79734,"Acer campestre L., Sapindaceae",sc,,C,,3,Angiospermes
79766,"Acer negundo L., Sapindaceae",sc,,C,,4,Angiospermes
79887,"Achillea erba-rotta subsp. erba-rotta All. [Achillea moschata Wulfen ], Asteraceae",sc,,D,2,4,Angiospermes
79908,"Achillea millefolium L., Asteraceae",sc,,C,,1,Angiospermes
79913,"Achillea nana L., Asteraceae",s,locale,C,,4,Angiospermes
79921,"Achillea ptarmica L., Asteraceae",s,,C,2,3,Angiospermes
79939,"Achillea tomentosa L., Asteraceae",s,locale,C,8,5,Angiospermes
80007,"Aconitum anthora L., Ranunculaceae",s,,R,4,5,Angiospermes
80034,"Aconitum lycoctonum L., Ranunculaceae",s,,C,8,4,Angiospermes
80037,"Aconitum napellus L., Ranunculaceae",sc,locale,R/C,40,3,Angiospermes
80066,"Aconitum variegatum L., Ranunculaceae",s,,D,20,5,Angiospermes
80086,"Acorus calamus L., Acoraceae",s,,C,,5,Angiospermes
80137,"Actaea spicata L., Ranunculaceae",s,locale,R,8,3,Angiospermes
447951,"Adiantum capillus-veneris L., Pteridaceae",s,locale,R,12,4,Fougères
80212,"Adonis annua L., Ranunculaceae",s,locale,R,,4,Angiospermes
80240,"Adonis vernalis L., Ranunculaceae",s,,D,annexe 2,5,Angiospermes
80322,"Aegopodium podagraria L., Apiaceae",sc,,C,,3,Angiospermes
80358,"Aethusa cynapium L., Apiaceae",sc,,C,,4,Angiospermes
80383,"Agave americana L., Asparagaceae",cs,,C,,4,Angiospermes
80410,"Agrimonia eupatoria L., Rosaceae",sc,,C,,2,Angiospermes
80417,"Agrimonia procera Wallr. [Agrimonia acutifolia Dumort.], Rosaceae",s,,C,,5,Angiospermes
80546,"Agrostemma githago L. [Lychnis githago (L.) Scop. ], Caryophyllaceae",cs,,D,4,4,Angiospermes
80824,"Ailanthus altissima (Mill.) Swingle [Ailanthus glandulosa Desf. ], Simaroubaceae",s,,C,,4,Angiospermes
80978,"Ajuga chamaepitys (L.) Schreb., Lamiaceae",s,,C,5,3,Angiospermes
80980,"Ajuga genevensis L., Lamiaceae",s,,C,,4,Angiospermes
80988,"Ajuga pyramidalis L., Lamiaceae",s,locale,R,,4,Angiospermes
80990,"Ajuga reptans L., Lamiaceae",s,,C,,3,Angiospermes
72459,"Alaria esculenta (L.) Greville, Alariaceae",sc,,C,NA,4,Algue brune
81027,"Alchemilla acutiloba Opiz [Alchemilla vulgaris L.], Rosaceae",sc,,C,,3,Angiospermes
81033,"Alchemilla alpina L., Rosaceae",s,,C,,3,Angiospermes
81287,"Alkanna matthioli Tausch [Alkanna tinctoria auct. Non Tausch,, Anchusa tinctoria (L.) L.], Boraginaceae",sc,locale,D,NA,5,Angiospermes
81295,"Alliaria petiolata (M.Bieb.) Cavara & Grande [Alliaria officinalis Andrz. ex M.Bieb., Erysimum alliaria L., Sisymbrium alliaria (L.) Scop.], Brassicaceae",s,,C,,3,Angiospermes
81499,"Allium roseum L., Amaryllidaceae",s,,C,,5,Angiospermes
81508,"Allium schoenoprasum L., Amaryllidaceae",cs,,R,4,4,Angiospermes
81541,"Allium ursinum L., Amaryllidaceae",sc,,C,,2,Angiospermes
81543,"Allium victorialis L., Amaryllidaceae",s,locale,R,,4,Angiospermes
81563,"Alnus alnobetula (Ehrh.) K.Koch [Alnus viridis (Chaix) DC.], Betulaceae",s,,C,4,4,Angiospermes
81569,"Alnus glutinosa (L.) Gaertn., Betulaceae",s,,C,,3,Angiospermes
81570,"Alnus incana (L.) Moench, Betulaceae",s,,C,,4,Angiospermes
81856,"Althaea officinalis L., Malvaceae",cs,,C,2,3,Angiospermes
82018,"Amaranthus retroflexus L., Amaranthaceae",s,,C,1,4,Angiospermes
82080,"Ambrosia artemisiifolia L., Asteraceae",s,,C,,4,Angiospermes
82130,"Ammi majus L., Apiaceae",s,,C,,4,Angiospermes
618756,"Anchusa italica Retz., Boraginaceae",s,,C,NA,4,Angiospermes
82391,"Anchusa officinalis L., Boraginaceae",s,locale,C,,4,Angiospermes
101253,"Anemone hepatica L. [Hepatica nobilis Schreb., Hepatica triloba Chaix], Ranunculaceae",s,,C,NA,3,Angiospermes
82637,"Anemone nemorosa L., Ranunculaceae",s,,C,,3,Angiospermes
116460,"Anemone pulsatilla L. [Pulsatilla vulgaris Mill., Pulsatilla vulgaris Mill.], Ranunculaceae",s/sc,,R,NA,4,Angiospermes
82656,"Anemone ranunculoides L., Ranunculaceae",s,,R,7,4,Angiospermes
116459,"Anemone vernalis L., Ranunculaceae",s,locale,R,NA,4,Angiospermes
82738,"Angelica sylvestris L., Apiaceae",s,,C,2,2,Angiospermes
82796,"Antennaria dioica (L.) Gaertn. [Gnaphalium dioicum L.], Asteraceae",sc,locale,C,19,4,Angiospermes
82922,"Anthoxanthum odoratum L., Poaceae",s,,C,,4,Angiospermes
82952,"Anthriscus sylvestris (L.) Hoffm., Apiaceae",s,,C,2,5,Angiospermes
82999,"Anthyllis vulneraria L., Fabaceae",s,,C,,2,Angiospermes
83058,"Antirrhinum majus L., Plantaginaceae",sc,locale,C,6,4,Angiospermes
83195,"Apium graveolens L., Apiaceae",cs,,D,2,4,Angiospermes
83267,"Aquilegia vulgaris L., Ranunculaceae",s,,C,2,3,Angiospermes
83481,"Arbutus unedo L., Ericaceae",s,,C,4,3,Angiospermes
83499,"Arctium lappa L. [Arctium majus (Gaertn.) Bernh., Lappa major Gaertn.], Asteraceae",sc/cs,,C,,2,Angiospermes
83502,"Arctium minus (Hill) Bernh., Asteraceae",sc/cs,,C,1,3,Angiospermes
83528,"Arctostaphylos uva-ursi (L.) Spreng. [Arbutus uva-ursi L.], Ericaceae",s,locale,C,8,3,Angiospermes
83653,"Arenaria serpyllifolia L., Caryophyllaceae",s,,C,4,4,Angiospermes
117874,"Argemone mexicana L. [Argemone spinosa Gaterau, Argemone spinosa Moench,], Papaveraceae",cs,,R,,5,Angiospermes
83714,"Argentina anserina (L.) Rydb. [Potentilla anserina L.], Rosaceae",s,,C,,4,Angiospermes
83777,"Aristolochia clematitis L., Aristolochiaceae",s,,C,3,3,Angiospermes
83793,"Aristolochia rotunda L., Aristolochiaceae",s,,C,,4,Angiospermes
83832,"Armeria maritima Willd. [Armeria maritima (Mill.) Willd.], Plumbaginaceae",s,,C,2,4,Angiospermes
83866,"Armoracia rusticana G.Gaertn., B.Mey. & Scherb. [Cochlearia armoracia L.], Brassicaceae",cs,,C,,4,Angiospermes
83874,"Arnica montana L., Asteraceae",sc,locale,C,23,2,Angiospermes
83912,"Arrhenatherum elatius (L.) P.Beauv. ex J.Presl & C.Presl [Avena elatior L.], Poaceae",s,,C,,4,Angiospermes
83933,"Artemisia absinthium L., Asteraceae",cs,,C,,3,Angiospermes
83938,"Artemisia annua L., Asteraceae",sc,,C,,4,Angiospermes
83969,"Artemisia eriantha Ten. [Artemisia umbelliformis subsp. eriantha (Ten.) Valles-Xirau & Oliva Branas], Asteraceae",,locale,D,4,4,Angiospermes
83973,"Artemisia genipi Weber, Asteraceae",s,locale,R,4,4,Angiospermes
83974,"Artemisia glacialis L., Asteraceae",s,locale,R,4,5,Angiospermes
84003,"Artemisia maritima L., Asteraceae",s,,R,10,5,Angiospermes
84053,"Artemisia umbelliformis Lam. [Artemisia mutellina Vill.], Asteraceae",cs,locale,D,5,4,Angiospermes
84053,"Artemisia umbelliformis subsp. umbelliformis Lam., Asteraceae",s,locale,D,2,4,Angiospermes
84061,"Artemisia vulgaris L., Asteraceae",sc,,C,,2,Angiospermes
84110,"Arum italicum Mill., Araceae",s,,C,1,3,Angiospermes
84112,"Arum maculatum L. [Arum vulgare Lam. ], Araceae",s,,C,,3,Angiospermes
84135,"Aruncus dioicus (Walter) Fernald, Rosaceae",s,s,C,,4,Angiospermes
84173,"Arundo donax L., Poaceae",s,,C,,4,Angiospermes
84195,"Arundo micrantha Lam. [Arundo mauritanica Desf., Arundo plinii auct. non Turra], Poaceae",s,,C,,5,Angiospermes
84230,"Asarum europaeum L., Aristolochiaceae",s,locale,C,18,4,Angiospermes
84251,"Asclepias syriaca L. [Asclepias cornutii Decne.], Apocynaceae",sc,locale,C,,4,Angiospermes
72498,"Ascophyllum nodosum (L.) Le Jolis, Fucaceae",s,,C,NA,5,Algue brune
72500,"Asparagopsis armata Harvey [Asparagopsis armata Harvey], Bonnemaisoniaceae",sc,,C,NA,4,Algue rouge
84279,"Asparagus officinalis L., Asparagaceae",cs,,C,15,5,Angiospermes
84306,"Asperula cynanchica L., Rubiaceae",s,,C,,4,Angiospermes
84330,"Asperula tinctoria L., Rubiaceae",s,,R,11,5,Angiospermes
84338,"Asphodelus albus Mill., Xanthorrhoeaceae",s,,C,,3,Angiospermes
84458,"Asplenium adiantum-nigrum L., Aspleniaceae",s,,C,,4,Fougères
84472,"Asplenium ceterach L. [Ceterach officinarum DC.], Aspleniaceae",s,,C,,4,Fougères
84524,"Asplenium scolopendrium L. [Phyllitis scolopendrium (L.) Newman, Scolopendrium officinarum Sw.], Aspleniaceae",s,,C,,3,Fougères
84936,"Astrantia major L., Apiaceae",s,,C,4,4,Angiospermes
85152,"Atropa belladonna L., Solanaceae",sc/cs,,C,3,3,Angiospermes
85502,"Ballota nigra L., Lamiaceae",sc,,C,,4,Angiospermes
761965,"Barbarea vulgaris W.T.Aiton [Barbarea vulgaris R.Br.], Brassicaceae",s,,C,,4,Angiospermes
85745,"Bellis pappulosa Boiss. ex DC., Asteraceae",s,,R,4,5,Angiospermes
85740,"Bellis perennis L., Asteraceae",s,,C,,2,Angiospermes
85774,"Berberis vulgaris L., Berberidaceae",s,locale,C,3,4,Angiospermes
85820,"Beta vulgaris L., Amaranthaceae",s,,C,,4,Angiospermes
85852,"Betonica officinalis L. [Stachys betonica Benth., Stachys officinalis (L.) Trévis. ], Lamiaceae",s,,C,NA,4,Angiospermes
85903,"Betula pendula Roth [Betula verrucosa Ehrh.], Betulaceae",s,,C,,2,Angiospermes
85904,"Betula pubescens Ehrh. [Betula alba L.], Betulaceae",s,,C/R,6,2,Angiospermes
85972,"Bidens pilosa L., Asteraceae",s,,R,,5,Angiospermes
72522,"Bifurcaria bifurcata R.Ross, Sargassaceae",s,,C,NA,4,Algue brune
86081,"Bistorta officinalis Delarbre [Persicaria bistorta (L.) Samp., Polygonum bistorta L.], Polygonaceae",s,,C,,3,Angiospermes
86087,"Blackstonia perfoliata (L.) Huds. [Chlora perfoliata (L.) L., Gentiana perfoliata L.], Gentianaceae",s,,C,6,4,Angiospermes
994837,"Blitum bonus-henricus (L.) C.A.Mey. [Chenopodium bonus-henricus L.], Amaranthaceae",s,,C,,3,Angiospermes
86156,"Borago officinalis L., Boraginaceae",cs,,C,,3,Angiospermes
86490,"Briza media L., Poaceae",s,,C,,4,Angiospermes
86828,"Bryonia cretica subsp. dioica (Jacq.) Tutin [Bryonia dioica Jacq.], Cucurbitaceae",s,,C,NA,3,Angiospermes
86890,"Buglossoides arvensis (L.) I.M.Johnst. [Lithospermum arvense L.], Boraginaceae",s,,C,,4,Angiospermes
86969,"Bunias erucago L., Brassicaceae",s,,C,,4,Angiospermes
87044,"Bupleurum falcatum L. [Bupleurum scorzonerifolium Willd. ex Schltdl.], Apiaceae",s,locale,C,5,4,Angiospermes
87143,"Buxus sempervirens L., Buxaceae",s,,C,6,2,Angiospermes
87420,"Calendula arvensis L., Asteraceae",s,,C,,3,Angiospermes
87501,"Calluna vulgaris (L.) Hull [Erica vulgaris L.], Ericaceae",s,,C,,2,Angiospermes
87540,"Caltha palustris L., Ranunculaceae",s,,C,,3,Angiospermes
87690,"Campanula patula L., Campanulaceae",s,,C,3,4,Angiospermes
87712,"Campanula rapunculus L., Campanulaceae",s,,C,,4,Angiospermes
87720,"Campanula rotundifolia L., Campanulaceae",s,,C,,4,Angiospermes
87742,"Campanula trachelium L., Campanulaceae",s,,C,,4,Angiospermes
87849,"Capsella bursa-pastoris (L.) Medik. [Thlaspi bursa-pastoris L.], Brassicaceae",s,,C,NA,2,Angiospermes
87964,"Cardamine pratensis L., Brassicaceae",s,,C,2,3,Angiospermes
89147,"Carlina acaulis L., Asteraceae",s,locale,R,4,4,Angiospermes
89180,"Carlina vulgaris L., Asteraceae",s,,C,4,4,Angiospermes
89200,"Carpinus betulus L., Betulaceae",cs,,C,,3,Angiospermes
89232,"Carthamus lanatus L. [Kentrophyllum lanatum Dumort.], Asteraceae",s,,C,3,4,Angiospermes
89250,"Carum carvi L., Apiaceae",cs,locale,C,,4,Angiospermes
89304,"Castanea sativa Mill. [Castanea vesca Gaertn.], Fagaceae",cs,,C,,2,Angiospermes
89452,"Cedrus atlantica (Manetti ex Endl.) Carrière, Pinaceae",cs,,C,,4,Gymnospermes
89468,"Celtis australis L., Cannabaceae",s,,C,,4,Angiospermes
89531,"Centaurea benedicta (L.) L. [Cnicus benedictus L.], Asteraceae",cs,,D,,4,Angiospermes
89542,"Centaurea calcitrapa L., Asteraceae",s,,C,,4,Angiospermes
89619,"Centaurea jacea L., Asteraceae",s,,C,,4,Angiospermes
89653,"Centaurea nigra L., Asteraceae",s,,C,,4,Angiospermes
89840,"Centaurium erythraea Rafn [Centaurium minus Garsault, Centaurium umbellatum Gilib.], Gentianaceae",s,locale,C,,4,Angiospermes
89888,"Centranthus ruber (L.) DC., Caprifoliaceae",cs,,C,,3,Angiospermes
447038,"Ceratonia siliqua L., Fabaceae",s,,D,annexe 2,5,Angiospermes
90234,"Cercis siliquastrum L., Fabaceae",cs,,C,,4,Angiospermes
59040,"Cetraria islandica (L.) Ach., Parmeliaceae",s,,C,10,4,Lichens
90470,"Chamaemelum nobile (L.) All. [Anthemis nobilis L., Ormenis nobilis (L.) Coss. & Germ.], Asteraceae",cs,,C,,3,Angiospermes
161772,"Charybdis maritima (L.) Speta [Drimia maritima (L.) Stearn, Urginea maritima (L.) Baker], Asparagaceae",s,,D,NA,5,Angiospermes
90669,"Chelidonium majus L., Papaveraceae",s,,C,,2,Angiospermes
90681,"Chenopodium album L., Amaranthaceae",s,,C,1,4,Angiospermes
90836,"Chenopodium vulvaria L., Amaranthaceae",s,,C/R,,4,Angiospermes
717139,"Chiliadenus glutinosus (L.) Fourr. [Chiliadenus saxatilis (Lam.) Brullo], Asteraceae",s,locale,D,,4,Angiospermes
90954,"Chondrilla juncea L., Asteraceae",s,,C,1,4,Angiospermes
72590,"Chondrus crispus Stackh., Gigartinaceae",s,,C,NA,4,Algue rouge
91169,"Cichorium intybus L., Asteraceae",cs,,C,,3,Angiospermes
91199,"Cicuta virosa L., Apiaceae",s,,D,22,4,Angiospermes
621080,"Cirsium acaulon (L.) Scop. [Cirsium acaule All.], Asteraceae",s,,C,,4,Angiospermes
91289,"Cirsium arvense (L.) Scop., Asteraceae",s,,C,,4,Angiospermes
91410,"Cirsium spinosissimum (L.) Scop., Asteraceae",s,,C,,4,Angiospermes
91680,"Cistus ladanifer L., Cistaceae",s,locale,R,,4,Angiospermes
91880,"Clematis recta L. [Clematis erecta All.], Ranunculaceae",s,locale,R/C,,4,Angiospermes
91886,"Clematis vitalba L., Ranunculaceae",s,,C,,4,Angiospermes
91904,"Clinopodium grandiflorum (L.) Kuntze [Calamintha grandiflora (L.) Moench], Lamiaceae",sc,locale,C,1,2,Angiospermes
91910,"Clinopodium nepeta (L.) Kuntze [Calamintha officinalis Moench], Lamiaceae",s,,C,,3,Angiospermes
91910,"Clinopodium nepeta subsp. sylvaticum (Bromf.) Peruzzi & F.Conti [Calamintha menthifolia Host, Calamintha nepeta (L.) Savi, Calamintha sylvatica Bromf., Satureja menthifolia (Host) Fritsch, Satureja menthifolia (Host) Fritsch], Lamiaceae",s,,C,,4,Angiospermes
91912,"Clinopodium vulgare L. [Calamintha clinopodium Benth.], Lamiaceae",s,,C,,4,Angiospermes
92052,"Cochlearia officinalis L., Brassicaceae",sc,locale,C,2,4,Angiospermes
92127,"Colchicum autumnale L., Colchicaceae",s/sc,,C,,3,Angiospermes
92196,"Colutea arborescens L., Fabaceae",s,locale,R/C,,4,Angiospermes
92237,"Conium maculatum L., Apiaceae",sc,,C,,4,Angiospermes
92282,"Convallaria majalis L., Asparagaceae",cs,,C,18,2,Angiospermes
92302,"Convolvulus arvensis L., Convolvulaceae",s,,C,1,3,Angiospermes
92353,"Convolvulus sepium L. [Calystegia sepium (L.) R.Br.], Convolvulaceae",s,,C,NA,4,Angiospermes
778610,"Corallina elongata J.Ellis & Sol., Corallinaceae",s,,C,NA,4,Algue rouge
92467,"Coriaria myrtifolia L., Coriariaceae",s,,C,,4,Angiospermes
92497,"Cornus mas L., Cornaceae",s,,C,2,3,Angiospermes
92501,"Cornus sanguinea L., Cornaceae",s,,C,,3,Angiospermes
92566,"Corrigiola littoralis L., Molluginaceae",s,,C,NA,4,Angiospermes
92606,"Corylus avellana L., Betulaceae",sc,,C,,2,Angiospermes
92631,"Cotinus coggygria Scop. [Rhus cotinus L.], Anacardiaceae",s,,C,,4,Angiospermes
92824,"Crataegus azarolus L., Rosaceae",cs,,C,,5,Angiospermes
92854,"Crataegus germanica (L.) Kuntze [Mespilus germanica L.], Rosaceae",sc,,C,NA,3,Angiospermes
92864,"Crataegus laevigata (Poir.) DC., Rosaceae",s,,C,,3,Angiospermes
92876,"Crataegus monogyna Jacq., Rosaceae",s,,C,,3,Angiospermes
93045,"Crepis foetida L., Asteraceae",s,,C,1,4,Angiospermes
93129,"Crepis sancta (L.) Bornm., Asteraceae",s,,C,1,4,Angiospermes
93157,"Crepis vesicaria L., Asteraceae",s,,C,1,4,Angiospermes
93190,"Crithmum maritimum L., Apiaceae",s,locale,C,5,3,Angiospermes
93308,"Cruciata laevipes Opiz [Galium cruciata (L.) Scop.], Rubiaceae",s,,C,,4,Angiospermes
93590,"Cupressus sempervirens L. [Cupressus fastigiata DC.], Cupressaceae",cs,,C,,3,Gymnospermes
93621,"Cuscuta epithymum (L.) L., Convolvulaceae",s,,C,,5,Angiospermes
93623,"Cuscuta europaea L., Convolvulaceae",s,,C,,3,Angiospermes
93673,"Cyanus montanus (L.) Hill, Asteraceae",s,,C,,4,Angiospermes
93680,"Cyanus segetum Hill [Centaurea cyanus L.], Asteraceae",cs,,C,NA,3,Angiospermes
93708,"Cyclamen purpurascens Mill. [Cyclamen europaeum auct. non L.], Primulaceae",cs,locale,R,8,4,Angiospermes
93803,"Cynodon dactylon (L.) Pers., Poaceae",s,,C,,3,Angiospermes
93840,"Cynoglossum officinale L., Boraginaceae",s,,C,,4,Angiospermes
93967,"Cyperus longus L., Cyperaceae",s,,C,,4,Angiospermes
94011,"Cyperus rotundus L., Cyperaceae",s,,C,,4,Angiospermes
94164,"Cytisus scoparius (L.) Link [Genista scoparia (L.) Lam., Sarothamnus scoparius (L.) Wimm. ex W.D.J.Koch], Fabaceae",s,,C,3,3,Angiospermes
94207,"Dactylis glomerata L., Poaceae",s,,C,,4,Angiospermes
94266,"Dactylorhiza maculata (L.) Soó, Orchidaceae",s,,C,,5,Angiospermes
94427,"Daphne gnidium L., Thymelaeaceae",s,,C,5,5,Angiospermes
94432,"Daphne laureola L., Thymelaeaceae",s,,C,3,4,Angiospermes
94435,"Daphne mezereum L. [Mezereum officinarum C.A.Mey.], Thymelaeaceae",s,locale,C/R,17,3,Angiospermes
94489,"Datura stramonium L., Solanaceae",sc,,C,,3,Angiospermes
94503,"Daucus carota L., Apiaceae",s,,C,,2,Angiospermes
72666,"Delesseria sanguinea (Hudson) J.V. Lamouroux, Delesseriaceae",s,,C,NA,4,Algue rouge
94572,"Delphinium consolida L. [Consolida regalis Gray], Ranunculaceae",s,,C,,5,Angiospermes
94590,"Delphinium montanum DC., Ranunculaceae",s,locale,D,,4,Angiospermes
94626,"Deschampsia cespitosa (L.) P.Beauv., Poaceae",s,,C,,4,Angiospermes
94645,"Descurainia sophia (L.) Webb ex Prantl [Sisymbrium sophia L.], Brassicaceae",s,locale,C,4,4,Angiospermes
94716,"Dianthus carthusianorum L., Caryophyllaceae",s,,C,13,4,Angiospermes
94923,"Dictamnus albus L., Rutaceae",s,,C,19,4,Angiospermes
94945,"Digitalis lutea L., Plantaginaceae",s,,C,,5,Angiospermes
94959,"Digitalis purpurea L., Plantaginaceae",s,,C,8,3,Angiospermes
72701,"Dilsea carnosa (Schmidel) Kuntze, Dumontiaceae",s,,C,NA,4,Algue rouge
611652,"Dioscorea communis (L.) Caddick & Wilkin [Tamus communis L.], Dioscoreaceae",s,,C,,4,Angiospermes
95136,"Diplotaxis tenuifolia (L.) DC., Brassicaceae",sc,,C,,4,Angiospermes
95149,"Dipsacus fullonum L. [Dipsacus sylvestris Huds., Dipsacus sylvestris Mill.], Caprifoliaceae",s,,C,NA,3,Angiospermes
95186,"Dittrichia graveolens (L.) Greuter [Inula graveolens (L.) Desf.], Asteraceae",s,,C,,3,Angiospermes
95187,"Dittrichia viscosa (L.) Greuter [Inula viscosa (L.) Aiton], Asteraceae",s,,C,,4,Angiospermes
95239,"Doronicum pardalianches L., Asteraceae",s,,C/R,18,4,Angiospermes
95425,"Dracunculus vulgaris Schott [Arum dracunculus L.], Araceae",s,,D,,5,Angiospermes
95438,"Drosera intermedia Hayne [Drosera longifolia L.], Droseraceae",s,,D,annexe 2,5,Angiospermes
95436,"Drosera longifolia L. [Drosera anglica Huds.], Droseraceae",s,,D,NA,5,Angiospermes
95442,"Drosera rotundifolia L., Droseraceae",s,locale,D,annexe 2,4,Angiospermes
95461,"Dryas octopetala L., Rosaceae",s,,C,8,4,Angiospermes
95567,"Dryopteris filix-mas (L.) Schott [Aspidium filix-mas (L.) Sw.], Dryopteridaceae",s,,C,,3,Fougères
611753,"Dysphania ambrosioides (L.) Mosyakin & Clemants [Chenopodium ambrosioides L.], Amaranthaceae",s,,C/R,,4,Angiospermes
611755,"Dysphania botrys (L.) Mosyakin & Clemants [Chenopodium botrys L.], Amaranthaceae",s,,C,,4,Angiospermes
95662,"Ecballium elaterium (L.) A.Rich., Cucurbitaceae",s,,C,,4,Angiospermes
95793,"Echium vulgare L., Boraginaceae",s,,C,,3,Angiospermes
95806,"Eclipta prostrata (L.) L. [Eclipta alba (L.) Hassk., Eclipta erecta L.], Asteraceae",cs,,R,,5,Angiospermes
96046,"Elytrigia repens (L.) Desv. ex Nevski [Agropyron repens (L.) P.Beauv., Elymus repens (L.) Gould, Triticum repens L.], Poaceae",s,,C,NA,3,Angiospermes
96101,"Ephedra distachya L. [Ephedra vulgaris Rich.], Ephedraceae",s,locale,R,11,4,Gymnospermes
90483,"Epilobium angustifolium L. [Epilobium spicatum Lam.], Onagraceae",s,,C,,3,Angiospermes
1019304,"Epilobium dodonaei Vill. [Epilobium angustifolium Lam., Epilobium rosmarinifolium Haenke], Onagraceae",s,,C,12,3,Angiospermes
96180,"Epilobium hirsutum L., Onagraceae",s,,C,,3,Angiospermes
96208,"Epilobium montanum L., Onagraceae",s,,C,1,4,Angiospermes
96226,"Epilobium palustre L., Onagraceae",s,locale,C,,4,Angiospermes
96229,"Epilobium parviflorum Schreb., Onagraceae",sc,,C,,3,Angiospermes
96251,"Epilobium roseum Schreb., Onagraceae",s,,C,1,4,Angiospermes
96271,"Epilobium tetragonum L., Onagraceae",s,,C,,4,Angiospermes
96508,"Equisetum arvense L., Equisetaceae",s,,C,,2,Fougères
96523,"Equisetum hyemale L., Equisetaceae",s,,C/R,27,3,Fougères
96534,"Equisetum palustre L., Equisetaceae",s,,C,,3,Fougères
96545,"Equisetum sylvaticum L., Equisetaceae",s,,R,,5,Fougères
96546,"Equisetum telmateia Ehrh., Equisetaceae",s,,C,,4,Fougères
762284,"Equisetum variegatum Schleich. ex F.Weber & D.Mohr, Equisetaceae",s,,R,,5,Fougères
96664,"Erica carnea L., Ericaceae",s,,D,13,5,Angiospermes
96665,"Erica ciliaris Loefl. ex L., Ericaceae",s,,C,9,5,Angiospermes
96667,"Erica cinerea L., Ericaceae",s,,C,13,3,Angiospermes
96691,"Erica scoparia L., Ericaceae",s,,C,3,5,Angiospermes
96698,"Erica vagans L., Ericaceae",s,locale,C,17,4,Angiospermes
611688,"Erigeron acris L. [Erigeron acer L.], Asteraceae",s,,C,,4,Angiospermes
96749,"Erigeron canadensis L. [Conyza canadensis (L.) Cronquist], Asteraceae",s,,C,,3,Angiospermes
96895,"Erodium cicutarium (L.) L'Hér., Geraniaceae",s,,C,,3,Angiospermes
97141,"Eryngium campestre L., Apiaceae",s,,C,,4,Angiospermes
97185,"Erysimum cheiri (L.) Crantz [Cheiranthus cheiri L.], Brassicaceae",cs,,C,NA,4,Angiospermes
609982,"Euonymus europaeus L., Celastraceae",s,,C,,3,Angiospermes
97434,"Eupatorium cannabinum L., Asteraceae",s,,C,,2,Angiospermes
97452,"Euphorbia amygdaloides L. [Euphorbia sylvatica Jacq.; Euphorbia sylvatica L.], Euphorbiaceae",s,,C,,4,Angiospermes
97490,"Euphorbia cyparissias L., Euphorbiaceae",s,,C,,4,Angiospermes
97537,"Euphorbia helioscopia L., Euphorbiaceae",s,,C,,4,Angiospermes
97556,"Euphorbia lathyris L., Euphorbiaceae",s,,C,,4,Angiospermes
97601,"Euphorbia palustris L., Euphorbiaceae",s,,R,29,4,Angiospermes
97776,"Euphrasia nemorosa (Pers.) Wallr., Orobanchaceae",s,,C/R,,4,Angiospermes
97781,"Euphrasia officinalis L., Orobanchaceae",s,,C,,3,Angiospermes
59053,"Evernia prunastri (L.) Ach., Parmeliaceae",s,,C,12,4,Lichens
97947,"Fagus sylvatica L., Fagaceae",s,,C,4,2,Angiospermes
98020,"Ferula communis L., Apiaceae",s,locale,C,,4,Angiospermes
98023,"Ferula glauca L., Apiaceae",s,locale,C,NA,4,Angiospermes
98651,"Ficaria verna Huds. [Ranunculus ficaria L.], Ranunculaceae",s,,C,,4,Angiospermes
98653,"Ficus carica L., Moraceae",cs,,C,,3,Angiospermes
98717,"Filipendula ulmaria (L.) Maxim. [Spiraea ulmaria L.], Rosaceae",s,,C/R,,2,Angiospermes
98718,"Filipendula vulgaris Moench [Spiraea filipendula L.], Rosaceae",s,,C,7,4,Angiospermes
98756,"Foeniculum vulgare Mill. [Anethum foeniculum L.], Apiaceae",cs,,C,,2,Angiospermes
98865,"Fragaria vesca L., Rosaceae",s,,C,,2,Angiospermes
98887,"Frangula alnus Mill. [Frangula dodonei Ard., Rhamnus frangula L.], Rhamnaceae",s,,C,,3,Angiospermes
98910,"Fraxinus angustifolia Vahl [Fraxinus oxyphylla subsp. angustifolia (Vahl) P.Fourn., Fraxinus oxyphylla subsp. montagnei Nyman, Fraxinus oxyphylla subsp. parvifolia P.Fourn.], Oleaceae",s,,C,4,4,Angiospermes
98921,"Fraxinus excelsior L., Oleaceae",s,,C,,2,Angiospermes
98933,"Fraxinus ornus L., Oleaceae",s,,C,,4,Angiospermes
98977,"Fritillaria meleagris L., Liliaceae",s,,C,39,4,Angiospermes
72770,"Fucus serratus L., Fucaceae",s,,C,NA,4,Algue brune
72775,"Fucus vesiculosus L., Fucaceae",s,,C,NA,4,Algue brune
99108,"Fumaria officinalis L., Papaveraceae",s,,C,,2,Angiospermes
99233,"Galanthus nivalis L., Amaryllidaceae",s,,C/R,15,3,Angiospermes
99244,"Galatella linosyris (L.) Rchb.f. [Aster linosyris (L.) Bernh.], Asteraceae",s,,D,,4,Angiospermes
610594,"Galatella sedifolia (L.) Greuter [Aster acris L.], Asteraceae",s,,C,,4,Angiospermes
99260,"Galega officinalis L., Fabaceae",s,,C,,4,Angiospermes
99305,"Galeopsis ladanum L., Lamiaceae",s,,C,,4,Angiospermes
99329,"Galeopsis segetum Neck. [Galeopsis dubia Leers, Galeopsis ochroleuca Lam.], Lamiaceae",s,,C,3,4,Angiospermes
99334,"Galeopsis tetrahit L., Lamiaceae",s,,C,,3,Angiospermes
99358,"Galinsoga parviflora Cav., Asteraceae",s,,C,1,4,Angiospermes
99366,"Galium album Mill. [Galium erectum Huds.], Rubiaceae",s,,C,,4,Angiospermes
99373,"Galium aparine L., Rubiaceae",s,,C,,2,Angiospermes
99473,"Galium mollugo L., Rubiaceae",s,,C,10,3,Angiospermes
99488,"Galium odoratum (L.) Scop. [Asperula odorata L.], Rubiaceae",s/sc,,C,,2,Angiospermes
99494,"Galium palustre L., Rubiaceae",s,locale,C,,4,Angiospermes
99582,"Galium verum L., Rubiaceae",s,,C,,2,Angiospermes
99721,"Genista anglica L., Fabaceae",s,,C,11,4,Angiospermes
99735,"Genista cinerea subsp. cinerea (Vill.) DC. [Genista scoparia Chaix ], Fabaceae",s,,C,,4,Angiospermes
99815,"Genista scorpius (L.) DC. [Cytisus purgans (L.) Boiss., Genista purgans L.], Fabaceae",s,,C,5,5,Angiospermes
99828,"Genista tinctoria L., Fabaceae",s,,C,3,4,Angiospermes
99854,"Gentiana acaulis L., Gentianaceae",s,,C,4,4,Angiospermes
99881,"Gentiana cruciata L., Gentianaceae",s,locale,R,21,4,Angiospermes
99903,"Gentiana lutea L., Gentianaceae",sc,,C,18,2,Angiospermes
99922,"Gentiana pneumonanthe L., Gentianaceae",s,locale,R,35,4,Angiospermes
99929,"Gentiana purpurea L., Gentianaceae",s,locale,C,,4,Angiospermes
99953,"Gentiana verna L., Gentianaceae",s,,C,2,4,Angiospermes
100142,"Geranium robertianum L., Geraniaceae",s,,C,,2,Angiospermes
100144,"Geranium rotundifolium L., Geraniaceae",s,,C,,4,Angiospermes
100149,"Geranium sanguineum L., Geraniaceae",s,,C,20,4,Angiospermes
100208,"Geum montanum L., Rosaceae",s,,C,,3,Angiospermes
100215,"Geum rivale L., Rosaceae",s,,C,10,4,Angiospermes
100225,"Geum urbanum L., Rosaceae",s,,C,,3,Angiospermes
100310,"Glechoma hederacea L., Lamiaceae",s,,C,,2,Angiospermes
100335,"Globularia alypum L., Plantaginaceae",s,locale,C,,4,Angiospermes
100576,"Gratiola officinalis L., Plantaginaceae",sc,,R/D,annexe 2,4,Angiospermes
100613,"Gymnadenia nigra (L.) Rchb.f. [Nigritella angustifolia Rich.], Orchidaceae",s,,R,8,4,Angiospermes
72845,"Halidrys siliquosa (L.) Lyngbye, Sargassaceae",s,,C,NA,4,Algue brune
100787,"Hedera helix L., Araliaceae",s,,C,,3,Angiospermes
100956,"Helianthemum grandiflorum (Scop.) DC. [Helianthemum vulgare Gaertn.], Cistaceae",s,,C,NA,4,Angiospermes
100956,"Helianthemum nummularium (L.) Mill., Cistaceae",s,locale,C,6,4,Angiospermes
101080,"Helichrysum italicum (Roth) G.Don, Asteraceae",cs,locale,C/R,8,4,Angiospermes
101101,"Helichrysum stoechas (L.) Moench, Asteraceae",s,,C/R,11,4,Angiospermes
101144,"Heliotropium europaeum L., Boraginaceae",s,,C,,4,Angiospermes
101188,"Helleborus foetidus L., Ranunculaceae",s,locale,C,1,3,Angiospermes
101202,"Helleborus viridis L., Ranunculaceae",s,,C,2,4,Angiospermes
101300,"Heracleum sphondylium L., Apiaceae",s,,C,,2,Angiospermes
101405,"Herniaria cinerea DC. [Herniaria vulgaris subsp. cinerea (DC.) Bonnier & Layens], Caryophyllaceae",s,locale,R,,4,Angiospermes
101411,"Herniaria glabra L., Caryophyllaceae",s,,C,,4,Angiospermes
101412,"Herniaria hirsuta L. [Herniaria vulgaris subsp. hirsuta (L.) Bonnier & Layens], Caryophyllaceae",s,,C,,4,Angiospermes
101460,"Hesperis matronalis L., Brassicaceae",s,,C,1,4,Angiospermes
102235,"Hieracium murorum L., Asteraceae",s,,C,1,4,Angiospermes
102671,"Hieracium umbellatum L., Asteraceae",s,,C,,4,Angiospermes
72879,"Himanthalia elongata (L.) S.F. Gray, Himanthaliaceae",s,,C,NA,4,Algue brune
102863,"Hippophae rhamnoides L., Elaeagnaceae",sc,locale,C,,3,Angiospermes
103031,"Humulus lupulus L., Cannabaceae",sc,,C,,3,Angiospermes
103057,"Hyacinthoides non-scripta (L.) Chouard ex Rothm. [Agraphis nutans Link, Endymion nutans Dumort.], Asparagaceae",s,,C,10,4,Angiospermes
103162,"Hylotelephium telephium (L.) H.Ohba [Sedum telephium L.], Crassulaceae",s,,C,,3,Angiospermes
103178,"Hyoscyamus albus L., Solanaceae",sc,,R,,5,Angiospermes
103185,"Hyoscyamus niger L., Solanaceae",sc,,R,,4,Angiospermes
103245,"Hypericum androsaemum L., Hypericaceae",s,locale,C/R,10,4,Angiospermes
103308,"Hypericum nummularium L., Hypericaceae",s,locale,R/D,1,4,Angiospermes
103316,"Hypericum perforatum L., Hypericaceae",sc,,C,,2,Angiospermes
103320,"Hypericum pulchrum L., Hypericaceae",s,,C,,4,Angiospermes
103329,"Hypericum tetrapterum Fr. [Hypericum quadrangulum L.], Hypericaceae",s,,C,,4,Angiospermes
103375,"Hypochaeris radicata L., Asteraceae",s,,C,1,4,Angiospermes
103406,"Hyssopus officinalis L., Lamiaceae",cs,locale,R/C,4,3,Angiospermes
103514,"Ilex aquifolium L., Aquifoliaceae",s,,C,12,2,Angiospermes
445494,"Impatiens balsamina L., Balsaminaceae",sc,,C/R,,4,Angiospermes
103553,"Impatiens noli-tangere L., Balsaminaceae",s,,C,10,4,Angiospermes
103578,"Imperatoria ostruthium L. [Peucedanum ostruthium (L.) W.D.J.Koch], Apiaceae",s,,C,,3,Angiospermes
103627,"Inula helenium L., Asteraceae",cs,,D,,3,Angiospermes
103737,"Iris germanica L., Iridaceae",cs,,C,NA,4,Angiospermes
103772,"Iris pseudacorus L., Iridaceae",s,,C,,4,Angiospermes
103817,"Isatis tinctoria L., Brassicaceae",cs,,C,,4,Angiospermes
103985,"Jacobaea adonidifolia (Loisel.) Mérat [Senecio adonidifolius Loisel.], Asteraceae",s,,C,,4,Angiospermes
610648,"Jacobaea alpina (L.) Moench [Senecio alpinus (L.) Scop., Senecio cordatus W.D.J.Koch, Senecio cordifolius Clairv.], Asteraceae",s,locale,R/D,,4,Angiospermes
610642,"Jacobaea incana (L.) Veldkamp [Senecio incanus L.], Asteraceae",s,,C,,4,Angiospermes
610647,"Jacobaea leucophylla (DC.) Pelser [Senecio incanus Lapeyr.], Asteraceae",s,locale,D,,5,Angiospermes
610643,"Jacobaea maritima (L.) Pelser & Meijden [Cineraria maritima (L.) L., Senecio cineraria DC.], Asteraceae",s,,C,,4,Angiospermes
610646,"Jacobaea vulgaris Gaertn. [Senecio jacobaea L.], Asteraceae",s,,C,,3,Angiospermes
104173,"Juncus effusus L. [Juncus communis E.Mey.], Juncaceae",s,,C,,4,Angiospermes
104397,"Juniperus communis L., Cupressaceae",s,,C,2,2,Gymnospermes
104409,"Juniperus oxycedrus L., Cupressaceae",s,,C,10,4,Gymnospermes
104413,"Juniperus sabina L. [Sabina officinalis Garcke, Sabina vulgaris Antoine], Cupressaceae",s,,C,,3,Gymnospermes
104419,"Juniperus thurifera L., Cupressaceae",s,,R,16,5,Angiospermes
104502,"Kickxia elatine (L.) Dumort. [Linaria elatine (L.) Mill.], Plantaginaceae",s,,C,,4,Angiospermes
104516,"Knautia arvensis (L.) Coult., Caprifoliaceae",s,,C,,3,Angiospermes
104764,"Lactuca perennis L., Asteraceae",s,,C,6,4,Angiospermes
104775,"Lactuca serriola L. [Lactuca scariola L.], Asteraceae",s,,C,,4,Angiospermes
104786,"Lactuca viminea (L.) J.Presl & C.Presl, Asteraceae",s,,C,1,4,Angiospermes
104787,"Lactuca virosa L., Asteraceae",sc,,C,,4,Angiospermes
72896,"Laminaria digitata (Hudson) J.V. Lamouroux, Laminariaceae",s,,C,NA,4,Algue brune
72898,"Laminaria hyperborea (Gunnerus) Foslie, Laminariaceae",s,,C,NA,4,Algue brune
72901,"Laminaria ochroleuca Bachelot de la Pylaie, Laminariaceae",s,,C,NA,4,Algue brune
104854,"Lamium album L., Lamiaceae",s,,C,,2,Angiospermes
104855,"Lamium amplexicaule L., Lamiaceae",s,,C,,4,Angiospermes
104876,"Lamium galeobdolon (L.) L., Lamiaceae",s,,C,,4,Angiospermes
104889,"Lamium maculatum (L.) L., Lamiaceae",s,,C,,4,Angiospermes
104903,"Lamium purpureum L., Lamiaceae",s,,C,,3,Angiospermes
105017,"Lapsana communis L. [Lampsana communis Juss.], Asteraceae",s,,C,,3,Angiospermes
105042,"Larix decidua Mill. [Larix europaea DC.], Pinaceae",sc,,C,,3,Gymnospermes
105211,"Lathyrus latifolius L., Fabaceae",s,,C,,4,Angiospermes
105266,"Lathyrus sylvestris L., Fabaceae",s,,R,2,4,Angiospermes
105295,"Laurus nobilis L., Lauraceae",sc,,C,,3,Angiospermes
105297,"Lavandula angustifolia Mill. [Lavandula officinalis Chaix, Lavandula spica L., Lavandula vera DC.], Lamiaceae",cs,,C/R,,3,Angiospermes
105312,"Lavandula latifolia Medik. [Lavandula spica Chaix], Lamiaceae",sc,,C/R,1,3,Angiospermes
105321,"Lavandula stoechas L., Lamiaceae",sc,,C,,4,Angiospermes
105427,"Lemna gibba L., Araceae",s,,C/R,,4,Angiospermes
105431,"Lemna minor L., Araceae",s,,C,,3,Angiospermes
611031,"Leontopodium nivale (Ten.) Huet ex Hand.-Mazz. [Leontopodium alpinum Cass.], Asteraceae",cs,locale,R,5,4,Angiospermes
105621,"Lepidium draba L., Brassicaceae",s,,C,1,4,Angiospermes
105817,"Leucanthemum vulgare Lam., Asteraceae",s,,C,,3,Angiospermes
105966,"Ligustrum vulgare L., Oleaceae",cs,,C,,4,Angiospermes
105979,"Lilium bulbiferum L., Liliaceae",s,locale,D,7,4,Angiospermes
105989,"Lilium martagon L., Liliaceae",s,,C/D,35,3,Angiospermes
106213,"Linaria repens (L.) Mill. [Linaria striata (Lam.) DC.], Plantaginaceae",s,,C,,4,Angiospermes
106234,"Linaria vulgaris Mill., Plantaginaceae",s,,C,,3,Angiospermes
106288,"Linum catharticum L., Linaceae",s,,C,,5,Angiospermes
106396,"Lithospermum officinale L., Boraginaceae",sc,locale,D/R,,3,Angiospermes
56613,"Lobaria pulmonaria (L.) Hoffm., Lobariaceae",s,,D/C,18,4,Lichens
106546,"Loncomelos pyrenaicus (L.) Hrouda [Ornithogalum pyrenaicum L.], Asparagaceae",s,,C,NA,3,Angiospermes
106565,"Lonicera etrusca Santi, Caprifoliaceae",s,,C,,4,Angiospermes
106574,"Lonicera nigra L., Caprifoliaceae",s,,C,,3,Angiospermes
106581,"Lonicera periclymenum L., Caprifoliaceae",s,,C,,4,Angiospermes
106595,"Lonicera xylosteum L., Caprifoliaceae",s,,C,,3,Angiospermes
106653,"Lotus corniculatus L., Fabaceae",s,,C,,2,Angiospermes
106965,"Lycium barbarum L., Solanaceae",s,,C/R,,4,Angiospermes
107038,"Lycopus europaeus L., Lamiaceae",s,,C,,3,Angiospermes
610909,"Lysimachia arvensis (L.) U.Manns & Anderb. [Anagallis arvensis L.], Primulaceae",s,,C,NA,3,Angiospermes
107073,"Lysimachia nummularia L., Primulaceae",s,,C,2,4,Angiospermes
107090,"Lysimachia vulgaris L., Primulaceae",s,,C,,3,Angiospermes
107117,"Lythrum salicaria L., Lythraceae",s,,C,,3,Angiospermes
107217,"Malus sylvestris Mill. [Malus communis Poir., Pyrus malus L.], Rosaceae",s,,D/C,,3,Angiospermes
107224,"Malva alcea L., Malvaceae",s,,C,,3,Angiospermes
107282,"Malva moschata L., Malvaceae",s,,C,,3,Angiospermes
107318,"Malva sylvestris L. [Malva sylvestris var. mauritiana (L.) Boiss.], Malvaceae",cs,,C,,3,Angiospermes
107397,"Marrubium vulgare L., Lamiaceae",sc,,R/C,,3,Angiospermes
72939,"Mastocarpus stellatus (Stackh.) Guiry, Phyllophoraceae",s,,C,NA,4,Algue rouge
107440,"Matricaria chamomilla L. [Matricaria recutita L.], Asteraceae",cs,,C,,3,Angiospermes
107446,"Matricaria discoidea DC., Asteraceae",s,,C,1,4,Angiospermes
107786,"Melampyrum arvense L., Orobanchaceae",s,,C,,4,Angiospermes
107886,"Melilotus albus Medik., Fabaceae",s,,C,NA,4,Angiospermes
107992,"Melissa officinalis L., Lamiaceae",cs,,C,,3,Angiospermes
108003,"Melittis melissophyllum L., Lamiaceae",s,,C,,5,Angiospermes
108027,"Mentha aquatica L., Lamiaceae",s,,C,,3,Angiospermes
108029,"Mentha arvensis L., Lamiaceae",s,,C,,3,Angiospermes
108103,"Mentha longifolia (L.) Huds., Lamiaceae",s,,C,,4,Angiospermes
108138,"Mentha pulegium L., Lamiaceae",s,,C,4,3,Angiospermes
108168,"Mentha suaveolens Ehrh. [Mentha rotundifolia auct.], Lamiaceae",s,,C,,3,Angiospermes
108345,"Menyanthes trifoliata L., Menyanthaceae",s,,C,19,2,Angiospermes
108351,"Mercurialis annua L., Euphorbiaceae",s,,C,,3,Angiospermes
108361,"Mercurialis perennis L., Euphorbiaceae",s,,C,,4,Angiospermes
108454,"Meum athamanticum Jacq., Apiaceae",s,,C,3,3,Angiospermes
108996,"Myosotis arvensis (L.) Hill [Myosotis intermedia Link ], Boraginaceae",s,,C,,3,Angiospermes
109104,"Myosotis sylvatica Hoffm., Boraginaceae",s,,C,2,4,Angiospermes
124970,"Myosoton aquaticum (L.) Moench [Cerastium aquaticum L.], Caryophyllaceae",s,,C,NA,4,Angiospermes
109130,"Myrica gale L., Myricaceae",s,locale,C/D,23,4,Angiospermes
109161,"Myrrhis odorata (L.) Scop. [Chaerophyllum odoratum (L.) Lam.], Apiaceae",cs,,R/C,1,4,Angiospermes
109186,"Myrtus communis L., Myrtaceae",s,locale,C,,4,Angiospermes
109291,"Narcissus poeticus L., Amaryllidaceae",cs,,C/R,28,3,Angiospermes
109297,"Narcissus pseudonarcissus L., Amaryllidaceae",cs,,C,27,3,Angiospermes
109422,"Nasturtium officinale W.T.Aiton [Nasturtium officinale R.Br.], Brassicaceae",cs,,C,,3,Angiospermes
109506,"Neottia nidus-avis (L.) Rich. [Neottidium nidus-avis (L.) Schltdl.], Orchidaceae",s,,R/C,5,4,Angiospermes
109620,"Nigella arvensis L., Ranunculaceae",s,,D,,5,Angiospermes
109625,"Nigella damascena L., Ranunculaceae",cs,,R/C,,4,Angiospermes
109732,"Nuphar lutea (L.) Sm. [Nymphaea lutea L.], Nymphaeaceae",s,,C,10,3,Angiospermes
109735,"Nuphar pumila (Timm) DC., Nymphaeaceae",s,,D,10,4,Angiospermes
109750,"Nymphaea alba L., Nymphaeaceae",s,,C/D,6,4,Angiospermes
109861,"Oenanthe aquatica (L.) Poir., Apiaceae",s,,C,14,5,Angiospermes
109911,"Oenothera biennis L., Onagraceae",s,,C,,3,Angiospermes
110211,"Ononis natrix L., Fabaceae",s,,C,,4,Angiospermes
110236,"Ononis spinosa L., Fabaceae",s,,C,,3,Angiospermes
110236,"Ononis spinosa subsp. maritima (Dumort. ex Piré) P.Fourn. [Ononis repens L.], Fabaceae",s,,C,,4,Angiospermes
110244,"Onopordum acanthium L., Asteraceae",sc,,C,,4,Angiospermes
110914,"Orchis mascula (L.) L., Orchidaceae",s,,R/C,2,5,Angiospermes
111289,"Origanum vulgare L., Lamiaceae",cs,,C,,2,Angiospermes
111391,"Ornithogalum umbellatum L., Asparagaceae",s,,C,,4,Angiospermes
111771,"Orthilia secunda (L.) House [Pyrola secunda L.], Ericaceae",s,locale,R,5,4,Angiospermes
111815,"Osmunda regalis L., Osmundaceae",s,,R,52,4,Fougères
370844,"Osmundea pinnatifida (Hudson) Stackh., Rhodomelaceae",ss,,C,NA,4,Algue rouge
111859,"Oxalis acetosella L., Oxalidaceae",s,,C,,3,Angiospermes
717359,"Oxybasis glauca (L.) S.Fuentes, Uotila & Borsch [Chenopodium glaucum L.], Amaranthaceae",s,,R,,4,Angiospermes
111974,"Oxytropis campestris (L.) DC. [Astragalus campestris L.], Fabaceae",s,locale,C,,4,Angiospermes
112042,"Paeonia officinalis L., Paeoniaceae",s,,C,,5,Angiospermes
112061,"Paliurus spina-christi Mill. [Paliurus aculeatus Lam., Paliurus aculeatus Lam.], Rhamnaceae",s,,C,,4,Angiospermes
72992,"Palmaria palmata (L.) Weber & Mohr, Palmariaceae",s,,C,NA,4,Algue rouge
112303,"Papaver dubium L., Papaveraceae",s,,C,6,4,Angiospermes
112355,"Papaver rhoeas L., Papaveraceae",sc,,C,,2,Angiospermes
112410,"Parietaria judaica L., Urticaceae",s,,C,,5,Angiospermes
112413,"Parietaria officinalis L., Urticaceae",s,,C,,3,Angiospermes
112421,"Paris quadrifolia L., Melanthiaceae",s,,C,19,4,Angiospermes
112426,"Parnassia palustris L., Celastraceae",s,locale,C,25,4,Angiospermes
112467,"Parthenocissus tricuspidata (Siebold & Zucc.) Planch. [Ampelopsis veitchii Hort , Vitaceae",cs,,C,1,4,Angiospermes
112550,"Pastinaca sativa subsp. urens (Req. ex Godr.) Celak. [Pastinaca urens Req. ex Godr.], Apiaceae",s,,C,1,3,Angiospermes
112550,"Pastinaca sativa var. arvensis Pers. [Pastinaca sativa subsp. sylvestris (Mill.) Rouy & E.G.Camus], Apiaceae",s,,C,1,4,Angiospermes
112590,"Pedicularis palustris L., Orobanchaceae",s,,R,,5,Angiospermes
112601,"Pedicularis sylvatica L., Orobanchaceae",s,,C,6,4,Angiospermes
112739,"Persicaria hydropiper (L.) Spach [Polygonum hydropiper L.], Polygonaceae",s,,C,,4,Angiospermes
112745,"Persicaria maculosa Gray [Polygonum persicaria L.], Polygonaceae",s,,C,,4,Angiospermes
112783,"Petasites hybridus (L.) G.Gaertn., B.Mey. & Scherb. [Petasites officinalis Moench], Asteraceae",s,,C,,4,Angiospermes
113221,"Phleum pratense L., Poaceae",s,,C,,4,Angiospermes
113260,"Phragmites australis (Cav.) Trin. ex Steud. [Phragmites communis Trin.], Poaceae",s,,C,,4,Angiospermes
113321,"Physalis alkekengi L., Solanaceae",cs,,R,NA,4,Angiospermes
113418,"Phytolacca americana L. [Phytolacca decandra L.], Phytolaccaceae",s,,C,,3,Angiospermes
113432,"Picea abies (L.) H.Karst. [Picea excelsa Link], Pinaceae",cs,,C,,3,Gymnospermes
113525,"Pilosella officinarum F.W.Schultz & Sch.Bip. [Hieracium pilosella L.], Asteraceae",sc,,C,,2,Angiospermes
113579,"Pimpinella major (L.) Huds., Apiaceae",s,,C,1,4,Angiospermes
113596,"Pimpinella saxifraga L., Apiaceae",s,,C,,4,Angiospermes
113651,"Pinus cembra L. [Pinus montana Lam.], Pinaceae",s,,C,,4,Gymnospermes
113665,"Pinus halepensis Mill. [Pinus maritima (Aiton) W.T.Aiton], Pinaceae",s,,C,,4,Gymnospermes
113682,"Pinus mugo subsp. mugo Turra, Pinaceae",s,,D,,5,Gymnospermes
113682,"Pinus mugo subsp. uncinata (Ramond ex DC.) Domin [Pinus uncinata Mill. ex Mirb., Pinus uncinata Ramond ex DC.], Pinaceae",s,,C,,4,Gymnospermes
113689,"Pinus pinaster Aiton, Pinaceae",cs,,C,,4,Gymnospermes
113689,"Pinus pinaster subsp. hamiltonii (Ten.) Villar [Pinus maritima Mill.], Pinaceae",cs,,C,,4,Gymnospermes
113689,"Pinus pinaster subsp. pinaster Aiton [Pinus maritima Du Roi, Pinus maritima Lam.], Pinaceae",cs,,C,,4,Gymnospermes
113690,"Pinus pinea L., Pinaceae",cs,,C,,4,Gymnospermes
113703,"Pinus sylvestris L., Pinaceae",cs,,C,,2,Gymnospermes
113744,"Pistacia lentiscus L., Anacardiaceae",s,,C,,3,Angiospermes
113804,"Plantago afra L. [Plantago psyllium L.,], Plantaginaceae",cs,,C,,5,Angiospermes
113809,"Plantago arenaria Waldst. & Kit. [Plantago indica L., Plantago psyllium L.], Plantaginaceae",cs,locale,C,,5,Angiospermes
113842,"Plantago coronopus L., Plantaginaceae",s,,C,,4,Angiospermes
113893,"Plantago lanceolata L., Plantaginaceae",s,,C,,2,Angiospermes
113904,"Plantago major L., Plantaginaceae",s,,C,,2,Angiospermes
113924,"Plantago ovata Forssk., Plantaginaceae",s,,C,,5,Angiospermes
113957,"Plantago sempervirens Crantz, Plantaginaceae",s,,C,5,4,Angiospermes
114080,"Plumbago europaea L., Plumbaginaceae",s,,D,,4,Angiospermes
114595,"Polygala vulgaris L., Polygalaceae",s,,C,,3,Angiospermes
114611,"Polygonatum multiflorum (L.) All., Asparagaceae",s,,C,,4,Angiospermes
114612,"Polygonatum odoratum (Mill.) Druce [Polygonatum vulgare Desf.], Asparagaceae",s,,C,,3,Angiospermes
114658,"Polygonum aviculare L., Polygonaceae",s,,C,,2,Angiospermes
115016,"Polypodium vulgare L., Polypodiaceae",s,,C,,3,Fougères
115110,"Populus alba L., Salicaceae",s,,C,,4,Angiospermes
115145,"Populus nigra L., Salicaceae",s,,C,,3,Angiospermes
115156,"Populus tremula L., Salicaceae",s,,C,,4,Angiospermes
115215,"Portulaca oleracea L., Portulacaceae",s,,C,,4,Angiospermes
115280,"Potamogeton natans L., Potamogetonaceae",s,,C,,4,Angiospermes
115407,"Potentilla argentea L., Rosaceae",s,,C,,4,Angiospermes
115470,"Potentilla erecta (L.) Räusch. [Potentilla tormentilla Neck.], Rosaceae",s,,C,,3,Angiospermes
115624,"Potentilla reptans L., Rosaceae",s,,C,,3,Angiospermes
115789,"Poterium sanguisorba L. [Sanguisorba minor Scop.], Rosaceae",sc,,C,NA,3,Angiospermes
115813,"Prenanthes purpurea L., Asteraceae",s,,C,,4,Angiospermes
115865,"Primula elatior (L.) Hill, Primulaceae",s,,C,,5,Angiospermes
115868,"Primula farinosa L., Primulaceae",s,,C,,4,Angiospermes
115918,"Primula veris L. [Primula officinalis Hill], Primulaceae",s,,C,,2,Angiospermes
116012,"Prunella vulgaris L., Lamiaceae",s,,C,,4,Angiospermes
116043,"Prunus avium (L.) L., Rosaceae",s,,C,,4,Angiospermes
116089,"Prunus laurocerasus L., Rosaceae",cs,,C,,4,Angiospermes
116096,"Prunus mahaleb L. [Cerasus mahaleb (L.) Mill.], Rosaceae",s,,C,2,5,Angiospermes
116109,"Prunus padus L. [Cerasus padus (L.) Delarbre], Rosaceae",s,,C,4,4,Angiospermes
116142,"Prunus spinosa L., Rosaceae",s,,C,,3,Angiospermes
59009,"Pseudevernia furfuracea (L.) Zopf, Parmeliaceae",s,locale,C,11,4,Lichens
116216,"Pseudotsuga menziesii (Mirb.) Franco, Pinaceae",cs,,C,,4,Gymnospermes
116265,"Pteridium aquilinum (L.) Kuhn [Pteris aquilina L.], Dennstaedtiaceae",s,,C,,4,Fougères
116392,"Pulicaria dysenterica (L.) Bernh. [Inula dysenterica L.], Asteraceae",s,,C,,4,Angiospermes
116407,"Pulmonaria affinis Jord., Boraginaceae",s,,C,,4,Angiospermes
116412,"Pulmonaria angustifolia L., Boraginaceae",s,,C,NA,4,Angiospermes
116416,"Pulmonaria longifolia (Bastard) Boreau, Boraginaceae",s,,C,,4,Angiospermes
116422,"Pulmonaria officinalis L., Boraginaceae",sc,,D,,3,Angiospermes
116547,"Pyrola rotundifolia L., Ericaceae",s,,D,,4,Angiospermes
116574,"Pyrus communis subsp. pyraster (L.) Ehrh. [Pyrus communis subsp. pyraster Schübl. & G.Martens], Rosaceae",s,,C,,4,Angiospermes
116704,"Quercus ilex L., Fagaceae",s,,C,,4,Angiospermes
521658,"Quercus petraea Liebl., Fagaceae",s,,C,,4,Angiospermes
521658,"Quercus petraea subsp. petraea Liebl. [Quercus sessilis Ehrh. ex Schur], Fagaceae",s,,C,,5,Angiospermes
116751,"Quercus pubescens Willd. [Quercus humilis Mill.], Fagaceae",s,,C,,5,Angiospermes
116754,"Quercus pyrenaica Willd. [Quercus pubescens Brot.], Fagaceae",s,,C,3,3,Angiospermes
116759,"Quercus robur L. [Quercus pedunculata Ehrh. ex Hoffm., Quercus pedunculata Ehrh. , Fagaceae",s,,C,,2,Angiospermes
116876,"Ramonda myconi (L.) Rchb., Gesneriaceae",s,locale,D,,4,Angiospermes
116903,"Ranunculus acris L., Ranunculaceae",s,,C,,4,Angiospermes
116952,"Ranunculus bulbosus L., Ranunculaceae",s,,C,,4,Angiospermes
117125,"Ranunculus montanus Willd., Ranunculaceae",s,,C,,4,Angiospermes
117201,"Ranunculus repens L., Ranunculaceae",s,,C,,4,Angiospermes
117224,"Ranunculus sceleratus L., Ranunculaceae",s,,C,7,4,Angiospermes
117459,"Reseda luteola L., Resedaceae",s/sc,,C,,4,Angiospermes
117503,"Reynoutria japonica Houtt., Polygonaceae",s,,C,,5,Angiospermes
117530,"Rhamnus cathartica L., Rhamnaceae",s/sc,,C,,4,Angiospermes
117668,"Rhodiola rosea L. [Sedum roseum (L.) Scop. , Crassulaceae",sc,,D,2,4,Angiospermes
117679,"Rhododendron ferrugineum L., Ericaceae",s,,C,,4,Angiospermes
117712,"Rhus coriaria L., Anacardiaceae",s,,C,4,5,Angiospermes
117774,"Ribes rubrum L., Grossulariaceae",cs,,R,5,3,Angiospermes
117787,"Ribes uva-crispa L., Grossulariaceae",s,,C,NA,4,Angiospermes
117806,"Ricinus communis L., Euphorbiaceae",cs,locale,C,,5,Angiospermes
118016,"Rosa arvensis Huds., Rosaceae",s,,C,,4,Angiospermes
118073,"Rosa canina L., Rosaceae",s,,C,,2,Angiospermes
118397,"Rosa pendulina L., Rosaceae",s,,C,,4,Angiospermes
1027822,"Rosmarinus officinalis L., Lamiaceae",sc,,C,NA,2,Angiospermes
118916,"Rubia peregrina L., Rubiaceae",s,,C,,5,Angiospermes
118920,"Rubia tinctorum L., Rubiaceae",sc,,C,,4,Angiospermes
119097,"Rubus fruticosus L., Rosaceae",s,,C,,3,Angiospermes
119149,"Rubus idaeus L., Rosaceae",sc,,C,,2,Angiospermes
119418,"Rumex acetosa L., Polygonaceae",cs,,C,,3,Angiospermes
119419,"Rumex acetosella L., Polygonaceae",s,,C,,3,Angiospermes
119435,"Rumex alpinus L., Polygonaceae",s,,C,,4,Angiospermes
119473,"Rumex crispus L., Polygonaceae",s,,C,,3,Angiospermes
119550,"Rumex obtusifolius L., Polygonaceae",s,,C,,3,Angiospermes
119558,"Rumex patientia L., Polygonaceae",s,,C,,4,Angiospermes
119698,"Ruscus aculeatus L., Asparagaceae",s,,C,17,2,Angiospermes
529995,"Saccharina latissima (L.) C.E. Lane, C. Mayes, Druehl & G.W. Saunders [Laminaria saccharina (L.) J.V. Lamouroux], Laminariaceae",s,,C,NA,4,Algue brune
119860,"Sagittaria sagittifolia L., Alismataceae",s,locale,R,20,4,Angiospermes
119881,"Salicornia spp., Amaranthaceae",s,,C,10,4,Angiospermes
119883,"Salicornia spp., Amaranthaceae",s,,C,10,4,Angiospermes
119892,"Salicornia spp., Amaranthaceae",s,,C,10,4,Angiospermes
119915,"Salix alba L., Salicaceae",s,,C,,3,Angiospermes
119977,"Salix caprea L., Salicaceae",s,,C,,4,Angiospermes
120135,"Salix myrsinifolia Salisb. [Salix nigricans auct. non Sm.], Salicaceae",s,,D,,4,Angiospermes
120189,"Salix purpurea L., Salicaceae",cs,,C,,4,Angiospermes
120642,"Salvia fruticosa Mill. [Salvia triloba L.f.], Lamiaceae",s,,C,,5,Angiospermes
120643,"Salvia glutinosa L., Lamiaceae",s,,C/R,2,4,Angiospermes
120678,"Salvia officinalis subsp. lavandulifolia (Vahl) Gams [Salvia lavandulifolia Vahl ], Lamiaceae",cs,,D,,4,Angiospermes
120685,"Salvia pratensis L., Lamiaceae",s,,C,,2,Angiospermes
120712,"Sambucus ebulus L., Adoxaceae",s,,C,,3,Angiospermes
120717,"Sambucus nigra L., Adoxaceae",s,,C,,2,Angiospermes
120720,"Sambucus racemosa L., Adoxaceae",s,,C,,3,Angiospermes
120758,"Sanguisorba officinalis L., Rosaceae",s,,C,10,3,Angiospermes
120772,"Sanicula europaea L., Apiaceae",s,,R,,3,Angiospermes
120785,"Santolina chamaecyparissus L., Asteraceae",sc,,C,,3,Angiospermes
120786,"Santolina corsica Jord. & Fourr., Asteraceae",s,locale,R,,4,Angiospermes
120823,"Saponaria ocymoides L., Caryophyllaceae",s,,C,,4,Angiospermes
120824,"Saponaria officinalis L., Caryophyllaceae",sc,,C,,2,Angiospermes
120908,"Satureja montana L., Lamiaceae",cs,,C,,3,Angiospermes
121065,"Saxifraga granulata L., Saxifragaceae",s,,C,6,3,Angiospermes
121334,"Scabiosa columbaria L., Caprifoliaceae",s,,C,6,3,Angiospermes
121449,"Scandix pecten-veneris L., Apiaceae",s,,C,NA,4,Angiospermes
121606,"Scilla bifolia L., Asparagaceae",s,,C,13,4,Angiospermes
121823,"Scleranthus annuus L., Caryophyllaceae",s,,C,1,4,Angiospermes
121999,"Scrophularia auriculata L. [Scrophularia aquatica auct. non L.], Scrophulariaceae",s,,C,,5,Angiospermes
122028,"Scrophularia nodosa L., Scrophulariaceae",s,,C,,2,Angiospermes
122069,"Scutellaria galericulata L., Lamiaceae",s,,C,,4,Angiospermes
122101,"Sedum acre L., Crassulaceae",s,,C,,3,Angiospermes
122106,"Sedum album L., Crassulaceae",s,,C,,3,Angiospermes
122140,"Sedum cepaea L., Crassulaceae",s,,C,5,4,Angiospermes
122243,"Sedum rubens L., Crassulaceae",s,,C,4,4,Angiospermes
112816,"Sedum rupestre L. [Sedum reflexum L.], Crassulaceae",s,,C,NA,3,Angiospermes
122419,"Sempervivum arachnoideum L., Crassulaceae",s,,C,10,4,Angiospermes
122467,"Sempervivum montanum L., Crassulaceae",s,,C,,4,Angiospermes
122493,"Sempervivum tectorum L., Crassulaceae",s,,C,12,4,Angiospermes
122593,"Senecio doronicum (L.) L., Asteraceae",s,,C,,4,Angiospermes
122675,"Senecio ovatus (G.Gaertn., B.Mey. & Scherb.) Willd. [Senecio fuchsii C.C.Gmel.], Asteraceae",s,,C,,4,Angiospermes
122714,"Senecio sarracenicus L., Asteraceae",s,locale,D,4,4,Angiospermes
122726,"Senecio sylvaticus L., Asteraceae",s,,C,,4,Angiospermes
122745,"Senecio vulgaris L., Asteraceae",s,,C,,3,Angiospermes
122971,"Serratula tinctoria L., Asteraceae",sc,,C,,4,Angiospermes
123258,"Sideritis hyssopifolia L., Lamiaceae",sc,,C,,4,Angiospermes
123683,"Silene vulgaris subsp. vulgaris (Moench) Garcke [Silene inflata Sm.], Caryophyllaceae",s,,C,,4,Angiospermes
123705,"Silybum marianum (L.) Gaertn. [Carduus marianus L.], Asteraceae",cs,,C,,4,Angiospermes
123711,"Sinapis alba L., Brassicaceae",cs,,C,1,4,Angiospermes
123713,"Sinapis arvensis L., Brassicaceae",s,,C,,3,Angiospermes
123863,"Sisymbrium officinale (L.) Scop. [Erysimum officinale L.], Brassicaceae",s,,C,,2,Angiospermes
124034,"Solanum dulcamara L., Solanaceae",s,,C,,3,Angiospermes
124080,"Solanum nigrum L., Solanaceae",s,,C,,3,Angiospermes
124139,"Soldanella alpina L., Primulaceae",s,,C,4,4,Angiospermes
124164,"Solidago canadensis L., Asteraceae",s,,C,4,4,Angiospermes
124168,"Solidago gigantea Aiton, Asteraceae",s,,C,,5,Angiospermes
124205,"Solidago virgaurea L., Asteraceae",s,,C,1,2,Angiospermes
124232,"Sonchus arvensis L., Asteraceae",s,,C,1,4,Angiospermes
124233,"Sonchus asper (L.) Hill, Asteraceae",s,,C,,4,Angiospermes
124308,"Sorbus aucuparia L., Rosaceae",s,,C,,3,Angiospermes
92488,"Sorbus domestica L., Rosaceae",cs,,C,NA,3,Angiospermes
124453,"Spartium junceum L., Fabaceae",s,,C,,3,Angiospermes
124499,"Spergula arvensis L., Caryophyllaceae",s,,C,,4,Angiospermes
124578,"Spergula rubra (L.) D.Dietr. [Arenaria rubra L., Spergularia rubra (L.) J.Presl & C.Presl], Caryophyllaceae",s,,C,NA,4,Angiospermes
124741,"Stachys annua (L.) L. [Stachys betonica Crantz], Lamiaceae",s,,C,,4,Angiospermes
124744,"Stachys arvensis (L.) L., Lamiaceae",s,,C,,4,Angiospermes
124798,"Stachys palustris L., Lamiaceae",s,,C,6,4,Angiospermes
124814,"Stachys sylvatica L., Lamiaceae",s,,C,,4,Angiospermes
124848,"Staphisagria macrosperma Spach [Delphinium staphisagria L.], Ranunculaceae",s,,D,NA,5,Angiospermes
999933,"Stellaria holostea L., Caryophyllaceae",s,,C,NA,4,Angiospermes
125014,"Stellaria media (L.) Vill., Caryophyllaceae",s,,C,,3,Angiospermes
125295,"Succisa pratensis Moench [Scabiosa succisa L.], Caprifoliaceae",s,,C,,4,Angiospermes
125324,"Symphoricarpos albus var. laevigatus (Fernald) S.F.Blake [Symphoricarpos racemosus Michx.], Caprifoliaceae",sc,locale,C,,4,Angiospermes
125343,"Symphytum bulbosum K.F.Schimp., , Boraginaceae",s,,R,,5,Angiospermes
125355,"Symphytum officinale L., Boraginaceae",cs,,C,,2,Angiospermes
125426,"Tamarix gallica L., Tamaricaceae",sc,,C,,4,Angiospermes
125469,"Tanacetum parthenium (L.) Sch.Bip. [Chrysanthemum parthenium (L.) Bernh., Leucanthemum parthenium (L.) Godr. & Gren.], Asteraceae",cs,,C,,3,Angiospermes
125474,"Tanacetum vulgare L. [Chrysanthemum vulgare (L.) Bernh.], Asteraceae",sc,,C,,2,Angiospermes
125568,"Taraxacum dens-leonis Desf., Asteraceae",cs,,C,NA,4,Angiospermes
717630,"Taraxacum officinale F.H.Wigg., Asteraceae",s,,C,,4,Angiospermes
125816,"Taxus baccata L., Taxaceae",cs,,C,,3,Gymnospermes
125981,"Teucrium chamaedrys L., Lamiaceae",s,,C,,5,Angiospermes
126006,"Teucrium marum L., Lamiaceae",s,locale,C,,4,Angiospermes
126008,"Teucrium montanum L., Lamiaceae",s,,C,3,4,Angiospermes
126019,"Teucrium polium L., Lamiaceae",s,,C,6,5,Angiospermes
126035,"Teucrium scorodonia L., Lamiaceae",s,,C,,4,Angiospermes
126552,"Thymus nitens Lamotte, Lamiaceae",s,locale,C,8,4,Angiospermes
126573,"Thymus serpyllum L. [ ], Lamiaceae",sc,,C,,2,Angiospermes
126582,"Thymus vulgaris L., Lamiaceae",sc/cs,,C,,2,Angiospermes
126628,"Tilia cordata Mill. [Tilia europaea subsp. parvifolia Ehrh., Tilia parvifolia (Ehrh.) Ehrh. ex Hoffm., Tilia silvestris Desf., Tilia ulmifolia Scop.], Malvaceae",s,,C,,3,Angiospermes
126650,"Tilia platyphyllos Scop., Malvaceae",cs,,C,,3,Angiospermes
127029,"Tragopogon pratensis L., Asteraceae",s,,C,,4,Angiospermes
127131,"Tribulus terrestris L., Zygophyllaceae",s,,C,,4,Angiospermes
127219,"Trifolium alpinum L., Fabaceae",s,,C,,4,Angiospermes
127230,"Trifolium arvense L., Fabaceae",s,,C,,3,Angiospermes
127439,"Trifolium pratense L., Fabaceae",s,,C,,3,Angiospermes
107887,"Trigonella altissima (Thuill.) Coulot & Rabaute [Melilotus altissimus Thuill.], Fabaceae",s,,C,NA,4,Angiospermes
107942,"Trigonella officinalis (L.) Coulot & Rabaute [Melilotus officinalis (L.) Lam.], Fabaceae",cs,,C,NA,3,Angiospermes
127872,"Trollius europaeus L., Ranunculaceae",s,,C,,4,Angiospermes
128042,"Tussilago farfara L., Asteraceae",s,,C,,2,Angiospermes
128077,"Typha latifolia L., Typhaceae",s,,C,,4,Angiospermes
128175,"Ulmus minor Mill. [Ulmus campestris L.], Ulmaceae",s,,C,,4,Angiospermes
128215,"Umbilicus rupestris (Salisb.) Dandy [Umbilicus pendulinus DC.], Crassulaceae",s,,C,,4,Angiospermes
73388,"Undaria pinnatifida (Harvey) Suringar, Alariaceae",s,,C,NA,4,Algue brune
128268,"Urtica dioica L., Urticaceae",s,,C,,2,Angiospermes
128298,"Urtica urens L., Urticaceae",s,,C,,4,Angiospermes
128345,"Vaccinium myrtillus L., Ericaceae",s,,C,18,2,Angiospermes
128355,"Vaccinium vitis-idaea L., Ericaceae",s,,C/R,26,3,Angiospermes
128391,"Valeriana celtica L., Caprifoliaceae",s,,D,,5,Angiospermes
128416,"Valeriana montana L., Caprifoliaceae",s,,C,,4,Angiospermes
128419,"Valeriana officinalis L., Caprifoliaceae",sc,,C,7,2,Angiospermes
128476,"Valerianella locusta (L.) Laterr. [Valerianella olitoria (L.) Pollich], Caprifoliaceae",s,,C,,4,Angiospermes
128520,"Veratrum album L., Melanthiaceae",s,,C,6,2,Angiospermes
128567,"Verbascum densiflorum Bertol., Scrophulariaceae",cs,,C,,4,Angiospermes
128615,"Verbascum nigrum L., Scrophulariaceae",s,,C,,4,Angiospermes
128660,"Verbascum thapsus L., Scrophulariaceae",s,,C,,2,Angiospermes
128754,"Verbena officinalis L., Verbenaceae",sc,,C,,2,Angiospermes
128808,"Veronica beccabunga L., Plantaginaceae",s,,C,1,4,Angiospermes
128832,"Veronica chamaedrys L., Plantaginaceae",s,,C,,3,Angiospermes
128938,"Veronica officinalis L., Plantaginaceae",s,,C,,3,Angiospermes
129083,"Viburnum lantana L., Adoxaceae",s,,C,,3,Angiospermes
129087,"Viburnum opulus L., Adoxaceae",s,,C,,3,Angiospermes
129468,"Vinca major L., Apocynaceae",cs,,C,,4,Angiospermes
129470,"Vinca minor L., Apocynaceae",s,,C,,2,Angiospermes
129477,"Vincetoxicum hirundinaria Medik. [Asclepias vincetoxicum L., Vincetoxicum officinale Moench], Apocynaceae",s,,C,3,4,Angiospermes
129506,"Viola arvensis Murray, Violaceae",s,,C,,4,Angiospermes
129520,"Viola biflora L. [Viola lutea Lam.], Violaceae",s,,C,,4,Angiospermes
129527,"Viola calcarata L., Violaceae",s,,C,,5,Angiospermes
129529,"Viola canina L., Violaceae",s,,C/R,11,4,Angiospermes
129539,"Viola collina Besser, Violaceae",s,,R,,5,Angiospermes
129596,"Viola jordanii Hanry, Violaceae",s,,R,,NA,Angiospermes
129614,"Viola lutea Huds. [Viola lutea Sm. sensu H.J.Coste, Viola sudetica Willd. ex Schltdl.], Violaceae",s,,C,,4,Angiospermes
129632,"Viola odorata L., Violaceae",s,,C,,2,Angiospermes
129639,"Viola palustris L., Violaceae",s,locale,C,,5,Angiospermes
129666,"Viola reichenbachiana Jord. ex Boreau, Violaceae",s,,C,,4,Angiospermes
129674,"Viola rupestris F.W.Schmidt, Violaceae",s,locale,C,,5,Angiospermes
129723,"Viola tricolor L., Violaceae",s,,C,,2,Angiospermes
129906,"Viscum album L., Santalaceae",s,,C,1,3,Angiospermes
129906,"Viscum album subsp. abietis (Wiesb.) Abrom. [Viscum abietis (Wiesb.) Fritsch, Viscum album var. abietis (Wiesb.) P.Fourn., Viscum album var. abietis (Wiesb.) Rchb.f., Viscum austriacum var. abietis Wiesb.], Santalaceae",s,,R,1,4,Angiospermes
129906,"Viscum album subsp. album L. [Viscum album var. mali Tubeuf], Santalaceae",s,,C,1,4,Angiospermes
129906,"Viscum album subsp. austriacum (Wiesb.) Vollm. [Viscum album var. pini (Wiesb.) Tubeuf, Viscum austriacum var. pini Wiesb., Viscum laxum Boiss. & Reut.], Santalaceae",s,,C,1,4,Angiospermes
129910,"Visnaga daucoides Gaertn. [Ammi visnaga (L.) Lam.], Apiaceae",cs,,D,NA,5,Angiospermes
130484,"Xanthium orientale L., Asteraceae",s,,C,,4,Angiospermes
130491,"Xanthium spinosum L., Asteraceae",s,,C,,4,Angiospermes
130492,"Xanthium strumarium L., Asteraceae",s,,C,,4,Angiospermes
162352,"Ziziphus jujuba Mill., Rhamnaceae",cs,,R,,5,Angiospermes
